modality	scenario_id	geometry	penetrance	outlier_count	actual_carrier_fraction	effect_sd	n_signal_instances	AREA_power_FDR05	DESeq2_power_FDR05	power_difference_AREA_minus_conventional	AREA_only_detected	conventional_only_detected	both_detected	neither_detected	paired_exact_p	paired_exact_fdr	limma_power_FDR05
monocyte	S001	BROAD_MEAN_SHIFT	1.0		1.0	0.5	100	0.43	0.57	-0.1399999999999999	1	15	42	42	0.000518798828125	0.0015878388375946	
monocyte	S002	BROAD_MEAN_SHIFT	1.0		1.0	1.0	100	0.8	0.93	-0.13	0	13	80	7	0.000244140625	0.000795425907258	
monocyte	S003	BROAD_MEAN_SHIFT	1.0		1.0	2.0	100	0.95	0.99	-0.04	1	5	94	0	0.21875	0.4602864583333333	
monocyte	S004	BROAD_MEAN_SHIFT	1.0		1.0	3.0	100	1.0	1.0	0.0	0	0	100	0	1.0	1.0	
monocyte	S005	RANDOM_SUBSET_SHIFT	0.05		0.05	0.5	100	0.0	0.0	0.0	0	0	0	100	1.0	1.0	
monocyte	S006	RANDOM_SUBSET_SHIFT	0.05		0.05	1.0	100	0.0	0.0	0.0	0	0	0	100	1.0	1.0	
monocyte	S007	RANDOM_SUBSET_SHIFT	0.05		0.05	2.0	100	0.0	0.04	-0.04	0	4	0	96	0.125	0.2686170212765957	
monocyte	S008	RANDOM_SUBSET_SHIFT	0.05		0.05	3.0	100	0.0	0.23	-0.23	0	23	0	77	2.384185791015625e-07	1.2673829731188325e-06	
monocyte	S009	RANDOM_SUBSET_SHIFT	0.1		0.1	0.5	100	0.0	0.0	0.0	0	0	0	100	1.0	1.0	
monocyte	S010	RANDOM_SUBSET_SHIFT	0.1		0.1	1.0	100	0.0	0.01	-0.01	0	1	0	99	1.0	1.0	
monocyte	S011	RANDOM_SUBSET_SHIFT	0.1		0.1	2.0	100	0.0	0.19	-0.19	0	19	0	81	3.814697265625e-06	1.5411376953125e-05	
monocyte	S012	RANDOM_SUBSET_SHIFT	0.1		0.1	3.0	100	0.0	0.35	-0.35	0	35	0	65	5.820766091346741e-11	4.899144793550172e-10	
monocyte	S013	RANDOM_SUBSET_SHIFT	0.2		0.2	0.5	100	0.0	0.0	0.0	0	0	0	100	1.0	1.0	
monocyte	S014	RANDOM_SUBSET_SHIFT	0.2		0.2	1.0	100	0.01	0.07	-0.06	0	6	1	93	0.03125	0.0717329545454545	
monocyte	S015	RANDOM_SUBSET_SHIFT	0.2		0.2	2.0	100	0.05	0.35	-0.3	1	31	4	64	1.5366822481155396e-08	9.700306691229345e-08	
monocyte	S016	RANDOM_SUBSET_SHIFT	0.2		0.2	3.0	100	0.13	0.5	-0.37	6	43	7	44	5.727765284291309e-08	3.402966433608366e-07	
monocyte	S017	RANDOM_SUBSET_SHIFT	0.3		0.3	0.5	100	0.01	0.02	-0.01	0	1	1	98	1.0	1.0	
monocyte	S018	RANDOM_SUBSET_SHIFT	0.3		0.3	1.0	100	0.04	0.16	-0.12	1	13	3	83	0.0018310546875	0.0051371256510416	
monocyte	S019	RANDOM_SUBSET_SHIFT	0.3		0.3	2.0	100	0.25	0.47	-0.2199999999999999	11	33	14	42	0.0012600338162656	0.0036360975840807	
monocyte	S020	RANDOM_SUBSET_SHIFT	0.3		0.3	3.0	100	0.54	0.56	-0.02	20	22	34	24	0.8776143287523154	1.0	
monocyte	S021	RANDOM_SUBSET_SHIFT	0.5		0.5	0.5	100	0.03	0.1	-0.07	0	7	3	90	0.015625	0.039453125	
monocyte	S022	RANDOM_SUBSET_SHIFT	0.5		0.5	1.0	100	0.3	0.45	-0.15	2	17	28	53	0.0007286071777343	0.0021643919103285	
monocyte	S023	RANDOM_SUBSET_SHIFT	0.5		0.5	2.0	100	0.69	0.71	-0.02	6	8	63	23	0.79052734375	1.0	
monocyte	S024	RANDOM_SUBSET_SHIFT	0.5		0.5	3.0	100	0.87	0.81	0.0599999999999999	13	7	74	6	0.2631759643554687	0.511168699998122	
monocyte	S025	RANDOM_SUBSET_SHIFT	0.75		0.75	0.5	100	0.16	0.25	-0.09	2	11	14	73	0.0224609375	0.0553306021341463	
monocyte	S026	RANDOM_SUBSET_SHIFT	0.75		0.75	1.0	100	0.59	0.8	-0.21	0	21	59	20	9.5367431640625e-07	4.378232088955966e-06	
monocyte	S027	RANDOM_SUBSET_SHIFT	0.75		0.75	2.0	100	0.9	0.98	-0.0799999999999999	0	8	90	2	0.0078125	0.0207648026315789	
monocyte	S028	RANDOM_SUBSET_SHIFT	0.75		0.75	3.0	100	1.0	0.99	0.01	1	0	99	0	1.0	1.0	
monocyte	S029	RANDOM_SUBSET_SHIFT	1.0		1.0	0.5	100	0.33	0.52	-0.19	1	20	32	47	2.09808349609375e-05	7.307118382947198e-05	
monocyte	S030	RANDOM_SUBSET_SHIFT	1.0		1.0	1.0	100	0.71	0.9	-0.19	1	20	70	9	2.09808349609375e-05	7.307118382947198e-05	
monocyte	S031	RANDOM_SUBSET_SHIFT	1.0		1.0	2.0	100	0.99	1.0	-0.01	0	1	99	0	1.0	1.0	
monocyte	S032	RANDOM_SUBSET_SHIFT	1.0		1.0	3.0	100	1.0	1.0	0.0	0	0	100	0	1.0	1.0	
monocyte	S033	ONE_TAIL_AMPLIFICATION	0.05		0.05	0.5	100	0.0	0.0	0.0	0	0	0	100	1.0	1.0	
monocyte	S034	ONE_TAIL_AMPLIFICATION	0.05		0.05	1.0	100	0.0	0.01	-0.01	0	1	0	99	1.0	1.0	
monocyte	S035	ONE_TAIL_AMPLIFICATION	0.05		0.05	2.0	100	0.0	0.28	-0.28	0	28	0	72	7.450580596923828e-09	5.0167242685953776e-08	
monocyte	S036	ONE_TAIL_AMPLIFICATION	0.05		0.05	3.0	100	0.0	0.37	-0.37	0	37	0	63	1.4551915228366852e-11	1.469743438065052e-10	
monocyte	S037	ONE_TAIL_AMPLIFICATION	0.1		0.1	0.5	100	0.0	0.0	0.0	0	0	0	100	1.0	1.0	
monocyte	S038	ONE_TAIL_AMPLIFICATION	0.1		0.1	1.0	100	0.0	0.19	-0.19	0	19	0	81	3.814697265625e-06	1.5411376953125e-05	
monocyte	S039	ONE_TAIL_AMPLIFICATION	0.1		0.1	2.0	100	0.0	0.4	-0.4	0	40	0	60	1.8189894035458565e-12	2.624541853687593e-11	
monocyte	S040	ONE_TAIL_AMPLIFICATION	0.1		0.1	3.0	100	0.0	0.37	-0.37	0	37	0	63	1.4551915228366852e-11	1.469743438065052e-10	
monocyte	S041	ONE_TAIL_AMPLIFICATION	0.2		0.2	0.5	100	0.0	0.04	-0.04	0	4	0	96	0.125	0.2686170212765957	
monocyte	S042	ONE_TAIL_AMPLIFICATION	0.2		0.2	1.0	100	0.0	0.36	-0.36	0	36	0	64	2.9103830456733704e-11	2.6722607964819127e-10	
monocyte	S043	ONE_TAIL_AMPLIFICATION	0.2		0.2	2.0	100	0.0	0.53	-0.53	0	53	0	47	2.220446049250313e-16	5.606626274357041e-15	
monocyte	S044	ONE_TAIL_AMPLIFICATION	0.2		0.2	3.0	100	0.0	0.39	-0.39	0	39	0	61	3.637978807091713e-12	4.592948243953288e-11	
monocyte	S045	ONE_TAIL_AMPLIFICATION	0.3		0.3	0.5	100	0.0	0.09	-0.09	0	9	0	91	0.00390625	0.0106630067567567	
monocyte	S046	ONE_TAIL_AMPLIFICATION	0.3		0.3	1.0	100	0.0	0.44	-0.44	0	44	0	56	1.1368683772161605e-13	1.9137284349805364e-12	
monocyte	S047	ONE_TAIL_AMPLIFICATION	0.3		0.3	2.0	100	0.0	0.55	-0.55	0	55	0	45	5.551115123125783e-17	1.86887542478568e-15	
monocyte	S048	ONE_TAIL_AMPLIFICATION	0.3		0.3	3.0	100	0.0	0.58	-0.58	0	58	0	42	6.938893903907228e-18	3.5041414214731503e-16	
monocyte	S049	ONE_TAIL_AMPLIFICATION	0.5		0.5	0.5	100	0.03	0.21	-0.18	0	18	3	79	7.62939453125e-06	2.963726337139423e-05	
monocyte	S050	ONE_TAIL_AMPLIFICATION	0.5		0.5	1.0	100	0.14	0.48	-0.3399999999999999	2	36	12	50	5.398760549724102e-09	3.8948201108723885e-08	
monocyte	S051	ONE_TAIL_AMPLIFICATION	0.5		0.5	2.0	100	0.29	0.49	-0.2	5	25	24	46	0.0003249142318964	0.001025510544423	
monocyte	S052	ONE_TAIL_AMPLIFICATION	0.5		0.5	3.0	100	0.34	0.48	-0.1399999999999999	10	24	24	42	0.0243065101094543	0.058451369548926	
monocyte	S053	ONE_TAIL_AMPLIFICATION	0.75		0.75	0.5	100	0.25	0.2	0.0499999999999999	10	5	15	70	0.3017578124999999	0.5750479068396225	
monocyte	S054	ONE_TAIL_AMPLIFICATION	0.75		0.75	1.0	100	0.7	0.58	0.12	19	7	51	23	0.0289592742919921	0.0680206210114235	
monocyte	S055	ONE_TAIL_AMPLIFICATION	0.75		0.75	2.0	100	0.87	0.64	0.2299999999999999	23	0	64	13	2.384185791015625e-07	1.2673829731188325e-06	
monocyte	S056	ONE_TAIL_AMPLIFICATION	0.75		0.75	3.0	100	0.94	0.64	0.2999999999999999	30	0	64	6	1.862645149230957e-09	1.4471320005563587e-08	
monocyte	S057	ONE_TAIL_AMPLIFICATION	1.0		1.0	0.5	100	0.39	0.54	-0.15	0	15	39	46	6.103515625e-05	0.0002054850260416	
monocyte	S058	ONE_TAIL_AMPLIFICATION	1.0		1.0	1.0	100	0.74	0.91	-0.17	0	17	74	9	1.52587890625e-05	5.7079173900462966e-05	
monocyte	S059	ONE_TAIL_AMPLIFICATION	1.0		1.0	2.0	100	1.0	1.0	0.0	0	0	100	0	1.0	1.0	
monocyte	S060	ONE_TAIL_AMPLIFICATION	1.0		1.0	3.0	100	1.0	1.0	0.0	0	0	100	0	1.0	1.0	
monocyte	S061	SYMMETRIC_TWO_TAIL	0.05		0.05	0.5	100	0.0	0.0	0.0	0	0	0	100	1.0	1.0	
monocyte	S062	SYMMETRIC_TWO_TAIL	0.05		0.05	1.0	100	0.0	0.01	-0.01	0	1	0	99	1.0	1.0	
monocyte	S063	SYMMETRIC_TWO_TAIL	0.05		0.05	2.0	100	0.0	0.0	0.0	0	0	0	100	1.0	1.0	
monocyte	S064	SYMMETRIC_TWO_TAIL	0.05		0.05	3.0	100	0.0	0.0	0.0	0	0	0	100	1.0	1.0	
monocyte	S065	SYMMETRIC_TWO_TAIL	0.1		0.1	0.5	100	0.0	0.0	0.0	0	0	0	100	1.0	1.0	
monocyte	S066	SYMMETRIC_TWO_TAIL	0.1		0.1	1.0	100	0.01	0.01	0.0	0	0	1	99	1.0	1.0	
monocyte	S067	SYMMETRIC_TWO_TAIL	0.1		0.1	2.0	100	0.0	0.0	0.0	0	0	0	100	1.0	1.0	
monocyte	S068	SYMMETRIC_TWO_TAIL	0.1		0.1	3.0	100	0.0	0.0	0.0	0	0	0	100	1.0	1.0	
monocyte	S069	SYMMETRIC_TWO_TAIL	0.2		0.2	0.5	100	0.0	0.0	0.0	0	0	0	100	1.0	1.0	
monocyte	S070	SYMMETRIC_TWO_TAIL	0.2		0.2	1.0	100	0.0	0.0	0.0	0	0	0	100	1.0	1.0	
monocyte	S071	SYMMETRIC_TWO_TAIL	0.2		0.2	2.0	100	0.0	0.0	0.0	0	0	0	100	1.0	1.0	
monocyte	S072	SYMMETRIC_TWO_TAIL	0.2		0.2	3.0	100	0.0	0.0	0.0	0	0	0	100	1.0	1.0	
monocyte	S073	SYMMETRIC_TWO_TAIL	0.3		0.3	0.5	100	0.0	0.01	-0.01	0	1	0	99	1.0	1.0	
monocyte	S074	SYMMETRIC_TWO_TAIL	0.3		0.3	1.0	100	0.0	0.0	0.0	0	0	0	100	1.0	1.0	
monocyte	S075	SYMMETRIC_TWO_TAIL	0.3		0.3	2.0	100	0.0	0.0	0.0	0	0	0	100	1.0	1.0	
monocyte	S076	SYMMETRIC_TWO_TAIL	0.3		0.3	3.0	100	0.0	0.0	0.0	0	0	0	100	1.0	1.0	
monocyte	S077	SYMMETRIC_TWO_TAIL	0.5		0.5	0.5	100	0.01	0.01	0.0	0	0	1	99	1.0	1.0	
monocyte	S078	SYMMETRIC_TWO_TAIL	0.5		0.5	1.0	100	0.0	0.0	0.0	0	0	0	100	1.0	1.0	
monocyte	S079	SYMMETRIC_TWO_TAIL	0.5		0.5	2.0	100	0.0	0.0	0.0	0	0	0	100	1.0	1.0	
monocyte	S080	SYMMETRIC_TWO_TAIL	0.5		0.5	3.0	100	0.0	0.0	0.0	0	0	0	100	1.0	1.0	
monocyte	S081	SYMMETRIC_TWO_TAIL	0.75		0.75	0.5	100	0.0	0.0	0.0	0	0	0	100	1.0	1.0	
monocyte	S082	SYMMETRIC_TWO_TAIL	0.75		0.75	1.0	100	0.0	0.0	0.0	0	0	0	100	1.0	1.0	
monocyte	S083	SYMMETRIC_TWO_TAIL	0.75		0.75	2.0	100	0.0	0.0	0.0	0	0	0	100	1.0	1.0	
monocyte	S084	SYMMETRIC_TWO_TAIL	0.75		0.75	3.0	100	0.01	0.0	0.01	1	0	0	99	1.0	1.0	
monocyte	S085	SYMMETRIC_TWO_TAIL	1.0		1.0	0.5	100	0.01	0.0	0.01	1	0	0	99	1.0	1.0	
monocyte	S086	SYMMETRIC_TWO_TAIL	1.0		1.0	1.0	100	0.03	0.0	0.03	3	0	0	97	0.25	0.4950980392156863	
monocyte	S087	SYMMETRIC_TWO_TAIL	1.0		1.0	2.0	100	0.03	0.0	0.03	3	0	0	97	0.25	0.4950980392156863	
monocyte	S088	SYMMETRIC_TWO_TAIL	1.0		1.0	3.0	100	0.02	0.0	0.02	2	0	0	98	0.5	0.9351851851851852	
monocyte	S089	ISOLATED_OUTLIERS		1.0	0.0068493150684931	2.0	100	0.0	0.0	0.0	0	0	0	100	1.0	1.0	
monocyte	S090	ISOLATED_OUTLIERS		1.0	0.0068493150684931	3.0	100	0.0	0.0	0.0	0	0	0	100	1.0	1.0	
monocyte	S091	ISOLATED_OUTLIERS		1.0	0.0068493150684931	4.0	100	0.0	0.01	-0.01	0	1	0	99	1.0	1.0	
monocyte	S092	ISOLATED_OUTLIERS		3.0	0.0205479452054794	2.0	100	0.0	0.0	0.0	0	0	0	100	1.0	1.0	
monocyte	S093	ISOLATED_OUTLIERS		3.0	0.0205479452054794	3.0	100	0.0	0.03	-0.03	0	3	0	97	0.25	0.4950980392156863	
monocyte	S094	ISOLATED_OUTLIERS		3.0	0.0205479452054794	4.0	100	0.0	0.07	-0.07	0	7	0	93	0.015625	0.039453125	
monocyte	S095	ISOLATED_OUTLIERS		7.0	0.047945205479452	2.0	100	0.0	0.05	-0.05	0	5	0	95	0.0625	0.1402777777777777	
monocyte	S096	ISOLATED_OUTLIERS		7.0	0.047945205479452	3.0	100	0.0	0.21	-0.21	0	21	0	79	9.5367431640625e-07	4.378232088955966e-06	
monocyte	S097	ISOLATED_OUTLIERS		7.0	0.047945205479452	4.0	100	0.0	0.21	-0.21	0	21	0	79	9.5367431640625e-07	4.378232088955966e-06	
monocyte	S098	VARIANCE_ONLY	1.0		1.0	0.5	100	0.01	0.01	0.0	0	0	1	99	1.0	1.0	
monocyte	S099	VARIANCE_ONLY	1.0		1.0	1.0	100	0.19	0.0	0.19	19	0	0	81	3.814697265625e-06	1.5411376953125e-05	
monocyte	S100	VARIANCE_ONLY	1.0		1.0	2.0	100	0.96	0.22	0.74	74	0	22	4	1.0587911840678754e-22	1.0693790959085542e-20	
monocyte	S101	VARIANCE_ONLY	1.0		1.0	3.0	100	0.99	0.5	0.49	49	0	50	1	3.552713678800501e-15	7.176481631177013e-14	
dlpfc	S001	BROAD_MEAN_SHIFT	1.0		1.0	0.5	100	0.94	0.96	-0.02	1	3	93	3	0.625	1.0	
dlpfc	S002	BROAD_MEAN_SHIFT	1.0		1.0	1.0	100	1.0	1.0	0.0	0	0	100	0	1.0	1.0	
dlpfc	S003	BROAD_MEAN_SHIFT	1.0		1.0	2.0	100	1.0	1.0	0.0	0	0	100	0	1.0	1.0	
dlpfc	S004	BROAD_MEAN_SHIFT	1.0		1.0	3.0	100	1.0	1.0	0.0	0	0	100	0	1.0	1.0	
dlpfc	S005	RANDOM_SUBSET_SHIFT	0.05		0.05	0.5	100	0.0	0.0	0.0	0	0	0	100	1.0	1.0	
dlpfc	S006	RANDOM_SUBSET_SHIFT	0.05		0.05	1.0	100	0.0	0.0	0.0	0	0	0	100	1.0	1.0	
dlpfc	S007	RANDOM_SUBSET_SHIFT	0.05		0.05	2.0	100	0.0	0.0	0.0	0	0	0	100	1.0	1.0	
dlpfc	S008	RANDOM_SUBSET_SHIFT	0.05		0.05	3.0	100	0.0	0.06	-0.06	0	6	0	94	0.03125	0.150297619047619	
dlpfc	S009	RANDOM_SUBSET_SHIFT	0.1		0.1	0.5	100	0.0	0.01	-0.01	0	1	0	99	1.0	1.0	
dlpfc	S010	RANDOM_SUBSET_SHIFT	0.1		0.1	1.0	100	0.0	0.0	0.0	0	0	0	100	1.0	1.0	
dlpfc	S011	RANDOM_SUBSET_SHIFT	0.1		0.1	2.0	100	0.0	0.11	-0.11	0	11	0	89	0.0009765625	0.00616455078125	
dlpfc	S012	RANDOM_SUBSET_SHIFT	0.1		0.1	3.0	100	0.0	0.35	-0.35	0	35	0	65	5.820766091346741e-11	7.34871719032526e-10	
dlpfc	S013	RANDOM_SUBSET_SHIFT	0.2		0.2	0.5	100	0.01	0.01	0.0	0	0	1	99	1.0	1.0	
dlpfc	S014	RANDOM_SUBSET_SHIFT	0.2		0.2	1.0	100	0.03	0.06	-0.03	0	3	3	94	0.25	0.8706896551724138	
dlpfc	S015	RANDOM_SUBSET_SHIFT	0.2		0.2	2.0	100	0.16	0.42	-0.26	1	27	15	57	2.1606683731079107e-07	1.8185625473658245e-06	
dlpfc	S016	RANDOM_SUBSET_SHIFT	0.2		0.2	3.0	100	0.36	0.66	-0.3	1	31	35	33	1.5366822481155396e-08	1.41095370054245e-07	
dlpfc	S017	RANDOM_SUBSET_SHIFT	0.3		0.3	0.5	100	0.01	0.01	0.0	0	0	1	99	1.0	1.0	
dlpfc	S018	RANDOM_SUBSET_SHIFT	0.3		0.3	1.0	100	0.23	0.34	-0.11	2	13	21	64	0.00738525390625	0.0438770967371323	
dlpfc	S019	RANDOM_SUBSET_SHIFT	0.3		0.3	2.0	100	0.81	0.89	-0.0799999999999999	3	11	78	8	0.057373046875	0.2414449055989583	
dlpfc	S020	RANDOM_SUBSET_SHIFT	0.3		0.3	3.0	100	0.88	0.89	-0.01	6	7	82	5	1.0	1.0	
dlpfc	S021	RANDOM_SUBSET_SHIFT	0.5		0.5	0.5	100	0.12	0.15	-0.03	0	3	12	85	0.25	0.8706896551724138	
dlpfc	S022	RANDOM_SUBSET_SHIFT	0.5		0.5	1.0	100	0.82	0.86	-0.04	3	7	79	11	0.34375	1.0	
dlpfc	S023	RANDOM_SUBSET_SHIFT	0.5		0.5	2.0	100	0.98	0.96	0.02	2	0	96	2	0.5	1.0	
dlpfc	S024	RANDOM_SUBSET_SHIFT	0.5		0.5	3.0	100	1.0	1.0	0.0	0	0	100	0	1.0	1.0	
dlpfc	S025	RANDOM_SUBSET_SHIFT	0.75		0.75	0.5	100	0.5	0.57	-0.0699999999999999	1	8	49	42	0.0390625	0.1793323863636363	
dlpfc	S026	RANDOM_SUBSET_SHIFT	0.75		0.75	1.0	100	0.97	0.99	-0.02	0	2	97	1	0.5	1.0	
dlpfc	S027	RANDOM_SUBSET_SHIFT	0.75		0.75	2.0	100	0.99	0.99	0.0	0	0	99	1	1.0	1.0	
dlpfc	S028	RANDOM_SUBSET_SHIFT	0.75		0.75	3.0	100	1.0	1.0	0.0	0	0	100	0	1.0	1.0	
dlpfc	S029	RANDOM_SUBSET_SHIFT	1.0		1.0	0.5	100	0.83	0.88	-0.05	1	6	82	11	0.125	0.4855769230769231	
dlpfc	S030	RANDOM_SUBSET_SHIFT	1.0		1.0	1.0	100	0.98	0.99	-0.01	0	1	98	1	1.0	1.0	
dlpfc	S031	RANDOM_SUBSET_SHIFT	1.0		1.0	2.0	100	1.0	1.0	0.0	0	0	100	0	1.0	1.0	
dlpfc	S032	RANDOM_SUBSET_SHIFT	1.0		1.0	3.0	100	1.0	1.0	0.0	0	0	100	0	1.0	1.0	
dlpfc	S033	ONE_TAIL_AMPLIFICATION	0.05		0.05	0.5	100	0.0	0.0	0.0	0	0	0	100	1.0	1.0	
dlpfc	S034	ONE_TAIL_AMPLIFICATION	0.05		0.05	1.0	100	0.0	0.01	-0.01	0	1	0	99	1.0	1.0	
dlpfc	S035	ONE_TAIL_AMPLIFICATION	0.05		0.05	2.0	100	0.0	0.01	-0.01	0	1	0	99	1.0	1.0	
dlpfc	S036	ONE_TAIL_AMPLIFICATION	0.05		0.05	3.0	100	0.0	0.18	-0.18	0	18	0	82	7.62939453125e-06	5.504063197544643e-05	
dlpfc	S037	ONE_TAIL_AMPLIFICATION	0.1		0.1	0.5	100	0.0	0.0	0.0	0	0	0	100	1.0	1.0	
dlpfc	S038	ONE_TAIL_AMPLIFICATION	0.1		0.1	1.0	100	0.0	0.0	0.0	0	0	0	100	1.0	1.0	
dlpfc	S039	ONE_TAIL_AMPLIFICATION	0.1		0.1	2.0	100	0.0	0.21	-0.21	0	21	0	79	9.5367431640625e-07	7.409315842848558e-06	
dlpfc	S040	ONE_TAIL_AMPLIFICATION	0.1		0.1	3.0	100	0.0	0.46	-0.46	0	46	0	54	2.8421709430404014e-14	5.741185304941609e-13	
dlpfc	S041	ONE_TAIL_AMPLIFICATION	0.2		0.2	0.5	100	0.0	0.0	0.0	0	0	0	100	1.0	1.0	
dlpfc	S042	ONE_TAIL_AMPLIFICATION	0.2		0.2	1.0	100	0.0	0.07	-0.07	0	7	0	93	0.015625	0.07890625	
dlpfc	S043	ONE_TAIL_AMPLIFICATION	0.2		0.2	2.0	100	0.0	0.41	-0.41	0	41	0	59	9.094947017729282e-13	1.3122709268437963e-11	
dlpfc	S044	ONE_TAIL_AMPLIFICATION	0.2		0.2	3.0	100	0.0	0.54	-0.54	0	54	0	46	1.1102230246251563e-16	3.73775084957136e-15	
dlpfc	S045	ONE_TAIL_AMPLIFICATION	0.3		0.3	0.5	100	0.0	0.02	-0.02	0	2	0	98	0.5	1.0	
dlpfc	S046	ONE_TAIL_AMPLIFICATION	0.3		0.3	1.0	100	0.01	0.29	-0.2799999999999999	0	28	1	71	7.450580596923828e-09	7.525086402893066e-08	
dlpfc	S047	ONE_TAIL_AMPLIFICATION	0.3		0.3	2.0	100	0.0	0.59	-0.59	0	59	0	41	3.469446951953614e-18	1.7520707107365752e-16	
dlpfc	S048	ONE_TAIL_AMPLIFICATION	0.3		0.3	3.0	100	0.01	0.53	-0.52	0	52	1	47	4.440892098500626e-16	1.121325254871408e-14	
dlpfc	S049	ONE_TAIL_AMPLIFICATION	0.5		0.5	0.5	100	0.02	0.11	-0.09	1	10	1	88	0.01171875	0.0622944078947368	
dlpfc	S050	ONE_TAIL_AMPLIFICATION	0.5		0.5	1.0	100	0.3	0.63	-0.33	1	34	29	36	2.0954757928848267e-09	2.3515895009040836e-08	
dlpfc	S051	ONE_TAIL_AMPLIFICATION	0.5		0.5	2.0	100	0.67	0.81	-0.14	1	15	66	18	0.000518798828125	0.0034932454427083	
dlpfc	S052	ONE_TAIL_AMPLIFICATION	0.5		0.5	3.0	100	0.72	0.86	-0.14	6	20	66	8	0.0093553066253662	0.0524936649534437	
dlpfc	S053	ONE_TAIL_AMPLIFICATION	0.75		0.75	0.5	100	0.52	0.43	0.09	13	4	39	44	0.049041748046875	0.2153572414232337	
dlpfc	S054	ONE_TAIL_AMPLIFICATION	0.75		0.75	1.0	100	0.93	0.91	0.02	2	0	91	7	0.5	1.0	
dlpfc	S055	ONE_TAIL_AMPLIFICATION	0.75		0.75	2.0	100	1.0	0.99	0.01	1	0	99	0	1.0	1.0	
dlpfc	S056	ONE_TAIL_AMPLIFICATION	0.75		0.75	3.0	100	0.99	0.95	0.04	4	0	95	1	0.125	0.4855769230769231	
dlpfc	S057	ONE_TAIL_AMPLIFICATION	1.0		1.0	0.5	100	0.87	0.89	-0.02	2	4	85	9	0.6875	1.0	
dlpfc	S058	ONE_TAIL_AMPLIFICATION	1.0		1.0	1.0	100	1.0	1.0	0.0	0	0	100	0	1.0	1.0	
dlpfc	S059	ONE_TAIL_AMPLIFICATION	1.0		1.0	2.0	100	1.0	1.0	0.0	0	0	100	0	1.0	1.0	
dlpfc	S060	ONE_TAIL_AMPLIFICATION	1.0		1.0	3.0	100	1.0	1.0	0.0	0	0	100	0	1.0	1.0	
dlpfc	S061	SYMMETRIC_TWO_TAIL	0.05		0.05	0.5	100	0.0	0.0	0.0	0	0	0	100	1.0	1.0	
dlpfc	S062	SYMMETRIC_TWO_TAIL	0.05		0.05	1.0	100	0.0	0.0	0.0	0	0	0	100	1.0	1.0	
dlpfc	S063	SYMMETRIC_TWO_TAIL	0.05		0.05	2.0	100	0.0	0.0	0.0	0	0	0	100	1.0	1.0	
dlpfc	S064	SYMMETRIC_TWO_TAIL	0.05		0.05	3.0	100	0.0	0.0	0.0	0	0	0	100	1.0	1.0	
dlpfc	S065	SYMMETRIC_TWO_TAIL	0.1		0.1	0.5	100	0.0	0.0	0.0	0	0	0	100	1.0	1.0	
dlpfc	S066	SYMMETRIC_TWO_TAIL	0.1		0.1	1.0	100	0.0	0.0	0.0	0	0	0	100	1.0	1.0	
dlpfc	S067	SYMMETRIC_TWO_TAIL	0.1		0.1	2.0	100	0.0	0.0	0.0	0	0	0	100	1.0	1.0	
dlpfc	S068	SYMMETRIC_TWO_TAIL	0.1		0.1	3.0	100	0.0	0.0	0.0	0	0	0	100	1.0	1.0	
dlpfc	S069	SYMMETRIC_TWO_TAIL	0.2		0.2	0.5	100	0.0	0.0	0.0	0	0	0	100	1.0	1.0	
dlpfc	S070	SYMMETRIC_TWO_TAIL	0.2		0.2	1.0	100	0.0	0.0	0.0	0	0	0	100	1.0	1.0	
dlpfc	S071	SYMMETRIC_TWO_TAIL	0.2		0.2	2.0	100	0.0	0.0	0.0	0	0	0	100	1.0	1.0	
dlpfc	S072	SYMMETRIC_TWO_TAIL	0.2		0.2	3.0	100	0.0	0.0	0.0	0	0	0	100	1.0	1.0	
dlpfc	S073	SYMMETRIC_TWO_TAIL	0.3		0.3	0.5	100	0.0	0.0	0.0	0	0	0	100	1.0	1.0	
dlpfc	S074	SYMMETRIC_TWO_TAIL	0.3		0.3	1.0	100	0.0	0.0	0.0	0	0	0	100	1.0	1.0	
dlpfc	S075	SYMMETRIC_TWO_TAIL	0.3		0.3	2.0	100	0.0	0.0	0.0	0	0	0	100	1.0	1.0	
dlpfc	S076	SYMMETRIC_TWO_TAIL	0.3		0.3	3.0	100	0.0	0.0	0.0	0	0	0	100	1.0	1.0	
dlpfc	S077	SYMMETRIC_TWO_TAIL	0.5		0.5	0.5	100	0.0	0.0	0.0	0	0	0	100	1.0	1.0	
dlpfc	S078	SYMMETRIC_TWO_TAIL	0.5		0.5	1.0	100	0.0	0.0	0.0	0	0	0	100	1.0	1.0	
dlpfc	S079	SYMMETRIC_TWO_TAIL	0.5		0.5	2.0	100	0.0	0.0	0.0	0	0	0	100	1.0	1.0	
dlpfc	S080	SYMMETRIC_TWO_TAIL	0.5		0.5	3.0	100	0.0	0.0	0.0	0	0	0	100	1.0	1.0	
dlpfc	S081	SYMMETRIC_TWO_TAIL	0.75		0.75	0.5	100	0.0	0.0	0.0	0	0	0	100	1.0	1.0	
dlpfc	S082	SYMMETRIC_TWO_TAIL	0.75		0.75	1.0	100	0.0	0.0	0.0	0	0	0	100	1.0	1.0	
dlpfc	S083	SYMMETRIC_TWO_TAIL	0.75		0.75	2.0	100	0.0	0.0	0.0	0	0	0	100	1.0	1.0	
dlpfc	S084	SYMMETRIC_TWO_TAIL	0.75		0.75	3.0	100	0.0	0.0	0.0	0	0	0	100	1.0	1.0	
dlpfc	S085	SYMMETRIC_TWO_TAIL	1.0		1.0	0.5	100	0.0	0.0	0.0	0	0	0	100	1.0	1.0	
dlpfc	S086	SYMMETRIC_TWO_TAIL	1.0		1.0	1.0	100	0.01	0.0	0.01	1	0	0	99	1.0	1.0	
dlpfc	S087	SYMMETRIC_TWO_TAIL	1.0		1.0	2.0	100	0.01	0.0	0.01	1	0	0	99	1.0	1.0	
dlpfc	S088	SYMMETRIC_TWO_TAIL	1.0		1.0	3.0	100	0.0	0.0	0.0	0	0	0	100	1.0	1.0	
dlpfc	S089	ISOLATED_OUTLIERS		1.0	0.0045662100456621	2.0	100	0.0	0.0	0.0	0	0	0	100	1.0	1.0	
dlpfc	S090	ISOLATED_OUTLIERS		1.0	0.0045662100456621	3.0	100	0.0	0.0	0.0	0	0	0	100	1.0	1.0	
dlpfc	S091	ISOLATED_OUTLIERS		1.0	0.0045662100456621	4.0	100	0.0	0.0	0.0	0	0	0	100	1.0	1.0	
dlpfc	S092	ISOLATED_OUTLIERS		3.0	0.0136986301369863	2.0	100	0.01	0.0	0.01	1	0	0	99	1.0	1.0	
dlpfc	S093	ISOLATED_OUTLIERS		3.0	0.0136986301369863	3.0	100	0.01	0.01	0.0	0	0	1	99	1.0	1.0	
dlpfc	S094	ISOLATED_OUTLIERS		3.0	0.0136986301369863	4.0	100	0.0	0.01	-0.01	0	1	0	99	1.0	1.0	
dlpfc	S095	ISOLATED_OUTLIERS		7.0	0.0319634703196347	2.0	100	0.0	0.0	0.0	0	0	0	100	1.0	1.0	
dlpfc	S096	ISOLATED_OUTLIERS		7.0	0.0319634703196347	3.0	100	0.0	0.01	-0.01	0	1	0	99	1.0	1.0	
dlpfc	S097	ISOLATED_OUTLIERS		7.0	0.0319634703196347	4.0	100	0.0	0.03	-0.03	0	3	0	97	0.25	0.8706896551724138	
dlpfc	S098	VARIANCE_ONLY	1.0		1.0	0.5	100	0.0	0.0	0.0	0	0	0	100	1.0	1.0	
dlpfc	S099	VARIANCE_ONLY	1.0		1.0	1.0	100	0.02	0.0	0.02	2	0	0	98	0.5	1.0	
dlpfc	S100	VARIANCE_ONLY	1.0		1.0	2.0	100	0.45	0.0	0.45	45	0	0	55	5.684341886080803e-14	9.568642174902682e-13	
dlpfc	S101	VARIANCE_ONLY	1.0		1.0	3.0	100	0.82	0.03	0.7899999999999999	79	0	3	18	3.3087224502121114e-24	3.3418096747142323e-22	
tmt	S001	BROAD_MEAN_SHIFT	1.0		1.0	0.5	100	0.75		0.2099999999999999	22	1	53	24	5.7220458984375e-06	5.253878506747159e-05	0.54
tmt	S002	BROAD_MEAN_SHIFT	1.0		1.0	1.0	100	1.0		0.0	0	0	100	0	1.0	1.0	1.0
tmt	S003	BROAD_MEAN_SHIFT	1.0		1.0	2.0	100	1.0		0.0	0	0	100	0	1.0	1.0	1.0
tmt	S004	BROAD_MEAN_SHIFT	1.0		1.0	3.0	100	1.0		0.0	0	0	100	0	1.0	1.0	1.0
tmt	S005	RANDOM_SUBSET_SHIFT	0.05		0.05	0.5	100	0.0		0.0	0	0	0	100	1.0	1.0	0.0
tmt	S006	RANDOM_SUBSET_SHIFT	0.05		0.05	1.0	100	0.0		0.0	0	0	0	100	1.0	1.0	0.0
tmt	S007	RANDOM_SUBSET_SHIFT	0.05		0.05	2.0	100	0.0		0.0	0	0	0	100	1.0	1.0	0.0
tmt	S008	RANDOM_SUBSET_SHIFT	0.05		0.05	3.0	100	0.0		0.0	0	0	0	100	1.0	1.0	0.0
tmt	S009	RANDOM_SUBSET_SHIFT	0.1		0.1	0.5	100	0.0		0.0	0	0	0	100	1.0	1.0	0.0
tmt	S010	RANDOM_SUBSET_SHIFT	0.1		0.1	1.0	100	0.0		-0.01	0	1	0	99	1.0	1.0	0.01
tmt	S011	RANDOM_SUBSET_SHIFT	0.1		0.1	2.0	100	0.01		-0.01	0	1	1	98	1.0	1.0	0.02
tmt	S012	RANDOM_SUBSET_SHIFT	0.1		0.1	3.0	100	0.01		-0.03	0	3	1	96	0.25	1.0	0.04
tmt	S013	RANDOM_SUBSET_SHIFT	0.2		0.2	0.5	100	0.01		0.0	0	0	1	99	1.0	1.0	0.01
tmt	S014	RANDOM_SUBSET_SHIFT	0.2		0.2	1.0	100	0.04		0.01	2	1	2	95	1.0	1.0	0.03
tmt	S015	RANDOM_SUBSET_SHIFT	0.2		0.2	2.0	100	0.1		-0.07	0	7	10	83	0.015625	0.0928308823529411	0.17
tmt	S016	RANDOM_SUBSET_SHIFT	0.2		0.2	3.0	100	0.13		-0.37	0	37	13	50	1.4551915228366852e-11	3.67435859516263e-10	0.5
tmt	S017	RANDOM_SUBSET_SHIFT	0.3		0.3	0.5	100	0.02		0.0	0	0	2	98	1.0	1.0	0.02
tmt	S018	RANDOM_SUBSET_SHIFT	0.3		0.3	1.0	100	0.13		0.07	8	1	5	86	0.0390625	0.2076480263157894	0.06
tmt	S019	RANDOM_SUBSET_SHIFT	0.3		0.3	2.0	100	0.46		-0.1599999999999999	3	19	43	35	0.0008554458618164	0.0061714308602469	0.62
tmt	S020	RANDOM_SUBSET_SHIFT	0.3		0.3	3.0	100	0.61		-0.36	0	36	61	3	2.9103830456733704e-11	5.878973752260208e-10	0.97
tmt	S021	RANDOM_SUBSET_SHIFT	0.5		0.5	0.5	100	0.03		0.0199999999999999	2	0	1	97	0.5	1.0	0.01
tmt	S022	RANDOM_SUBSET_SHIFT	0.5		0.5	1.0	100	0.63		0.0699999999999999	9	2	54	35	0.0654296875	0.330419921875	0.56
tmt	S023	RANDOM_SUBSET_SHIFT	0.5		0.5	2.0	100	0.99		-0.01	0	1	99	0	1.0	1.0	1.0
tmt	S024	RANDOM_SUBSET_SHIFT	0.5		0.5	3.0	100	1.0		0.0	0	0	100	0	1.0	1.0	1.0
tmt	S025	RANDOM_SUBSET_SHIFT	0.75		0.75	0.5	100	0.48		0.1699999999999999	18	1	30	51	7.62939453125e-05	0.0005927452674278	0.31
tmt	S026	RANDOM_SUBSET_SHIFT	0.75		0.75	1.0	100	0.99		0.0599999999999999	6	0	93	1	0.03125	0.1753472222222222	0.93
tmt	S027	RANDOM_SUBSET_SHIFT	0.75		0.75	2.0	100	1.0		0.0	0	0	100	0	1.0	1.0	1.0
tmt	S028	RANDOM_SUBSET_SHIFT	0.75		0.75	3.0	100	1.0		0.0	0	0	100	0	1.0	1.0	1.0
tmt	S029	RANDOM_SUBSET_SHIFT	1.0		1.0	0.5	100	0.76		0.2199999999999999	22	0	54	24	4.76837158203125e-07	5.351172553168402e-06	0.54
tmt	S030	RANDOM_SUBSET_SHIFT	1.0		1.0	1.0	100	1.0		0.0	0	0	100	0	1.0	1.0	1.0
tmt	S031	RANDOM_SUBSET_SHIFT	1.0		1.0	2.0	100	1.0		0.0	0	0	100	0	1.0	1.0	1.0
tmt	S032	RANDOM_SUBSET_SHIFT	1.0		1.0	3.0	100	1.0		0.0	0	0	100	0	1.0	1.0	1.0
tmt	S033	ONE_TAIL_AMPLIFICATION	0.05		0.05	0.5	100	0.0		0.0	0	0	0	100	1.0	1.0	0.0
tmt	S034	ONE_TAIL_AMPLIFICATION	0.05		0.05	1.0	100	0.0		0.0	0	0	0	100	1.0	1.0	0.0
tmt	S035	ONE_TAIL_AMPLIFICATION	0.05		0.05	2.0	100	0.0		0.0	0	0	0	100	1.0	1.0	0.0
tmt	S036	ONE_TAIL_AMPLIFICATION	0.05		0.05	3.0	100	0.0		0.0	0	0	0	100	1.0	1.0	0.0
tmt	S037	ONE_TAIL_AMPLIFICATION	0.1		0.1	0.5	100	0.0		0.0	0	0	0	100	1.0	1.0	0.0
tmt	S038	ONE_TAIL_AMPLIFICATION	0.1		0.1	1.0	100	0.0		0.0	0	0	0	100	1.0	1.0	0.0
tmt	S039	ONE_TAIL_AMPLIFICATION	0.1		0.1	2.0	100	0.0		0.0	0	0	0	100	1.0	1.0	0.0
tmt	S040	ONE_TAIL_AMPLIFICATION	0.1		0.1	3.0	100	0.0		0.0	0	0	0	100	1.0	1.0	0.0
tmt	S041	ONE_TAIL_AMPLIFICATION	0.2		0.2	0.5	100	0.0		0.0	0	0	0	100	1.0	1.0	0.0
tmt	S042	ONE_TAIL_AMPLIFICATION	0.2		0.2	1.0	100	0.0		-0.02	0	2	0	98	0.5	1.0	0.02
tmt	S043	ONE_TAIL_AMPLIFICATION	0.2		0.2	2.0	100	0.0		-0.07	0	7	0	93	0.015625	0.0928308823529411	0.07
tmt	S044	ONE_TAIL_AMPLIFICATION	0.2		0.2	3.0	100	0.0		-0.31	0	31	0	69	9.313225746154783e-10	1.3437654290880476e-08	0.31
tmt	S045	ONE_TAIL_AMPLIFICATION	0.3		0.3	0.5	100	0.01		-0.01	0	1	1	98	1.0	1.0	0.02
tmt	S046	ONE_TAIL_AMPLIFICATION	0.3		0.3	1.0	100	0.0		-0.04	0	4	0	96	0.125	0.5738636363636364	0.04
tmt	S047	ONE_TAIL_AMPLIFICATION	0.3		0.3	2.0	100	0.0		-0.33	0	33	0	67	2.3283064365386963e-10	3.919315834840138e-09	0.33
tmt	S048	ONE_TAIL_AMPLIFICATION	0.3		0.3	3.0	100	0.01		-0.8	0	80	1	19	1.6543612251060552e-24	1.6709048373571161e-22	0.81
tmt	S049	ONE_TAIL_AMPLIFICATION	0.5		0.5	0.5	100	0.01		-0.04	0	4	1	95	0.125	0.5738636363636364	0.05
tmt	S050	ONE_TAIL_AMPLIFICATION	0.5		0.5	1.0	100	0.13		-0.19	0	19	13	68	3.814697265625e-06	3.85284423828125e-05	0.32
tmt	S051	ONE_TAIL_AMPLIFICATION	0.5		0.5	2.0	100	0.29		-0.71	0	71	29	0	8.470329472543003e-22	2.8516775890894776e-20	1.0
tmt	S052	ONE_TAIL_AMPLIFICATION	0.5		0.5	3.0	100	0.29		-0.71	0	71	29	0	8.470329472543003e-22	2.8516775890894776e-20	1.0
tmt	S053	ONE_TAIL_AMPLIFICATION	0.75		0.75	0.5	100	0.56		0.2700000000000001	27	0	29	44	1.4901161193847656e-08	1.8812716007232666e-07	0.29
tmt	S054	ONE_TAIL_AMPLIFICATION	0.75		0.75	1.0	100	0.98		0.0699999999999999	7	0	91	2	0.015625	0.0928308823529411	0.91
tmt	S055	ONE_TAIL_AMPLIFICATION	0.75		0.75	2.0	100	1.0		0.0	0	0	100	0	1.0	1.0	1.0
tmt	S056	ONE_TAIL_AMPLIFICATION	0.75		0.75	3.0	100	1.0		0.0	0	0	100	0	1.0	1.0	1.0
tmt	S057	ONE_TAIL_AMPLIFICATION	1.0		1.0	0.5	100	0.72		0.1799999999999999	19	1	53	27	4.00543212890625e-05	0.0003371238708496	0.54
tmt	S058	ONE_TAIL_AMPLIFICATION	1.0		1.0	1.0	100	1.0		0.0	0	0	100	0	1.0	1.0	1.0
tmt	S059	ONE_TAIL_AMPLIFICATION	1.0		1.0	2.0	100	1.0		0.0	0	0	100	0	1.0	1.0	1.0
tmt	S060	ONE_TAIL_AMPLIFICATION	1.0		1.0	3.0	100	1.0		0.0	0	0	100	0	1.0	1.0	1.0
tmt	S061	SYMMETRIC_TWO_TAIL	0.05		0.05	0.5	100	0.0		0.0	0	0	0	100	1.0	1.0	0.0
tmt	S062	SYMMETRIC_TWO_TAIL	0.05		0.05	1.0	100	0.0		-0.01	0	1	0	99	1.0	1.0	0.01
tmt	S063	SYMMETRIC_TWO_TAIL	0.05		0.05	2.0	100	0.0		0.0	0	0	0	100	1.0	1.0	0.0
tmt	S064	SYMMETRIC_TWO_TAIL	0.05		0.05	3.0	100	0.0		0.0	0	0	0	100	1.0	1.0	0.0
tmt	S065	SYMMETRIC_TWO_TAIL	0.1		0.1	0.5	100	0.0		0.0	0	0	0	100	1.0	1.0	0.0
tmt	S066	SYMMETRIC_TWO_TAIL	0.1		0.1	1.0	100	0.0		0.0	0	0	0	100	1.0	1.0	0.0
tmt	S067	SYMMETRIC_TWO_TAIL	0.1		0.1	2.0	100	0.0		0.0	0	0	0	100	1.0	1.0	0.0
tmt	S068	SYMMETRIC_TWO_TAIL	0.1		0.1	3.0	100	0.0		0.0	0	0	0	100	1.0	1.0	0.0
tmt	S069	SYMMETRIC_TWO_TAIL	0.2		0.2	0.5	100	0.0		0.0	0	0	0	100	1.0	1.0	0.0
tmt	S070	SYMMETRIC_TWO_TAIL	0.2		0.2	1.0	100	0.0		0.0	0	0	0	100	1.0	1.0	0.0
tmt	S071	SYMMETRIC_TWO_TAIL	0.2		0.2	2.0	100	0.0		0.0	0	0	0	100	1.0	1.0	0.0
tmt	S072	SYMMETRIC_TWO_TAIL	0.2		0.2	3.0	100	0.0		0.0	0	0	0	100	1.0	1.0	0.0
tmt	S073	SYMMETRIC_TWO_TAIL	0.3		0.3	0.5	100	0.0		0.0	0	0	0	100	1.0	1.0	0.0
tmt	S074	SYMMETRIC_TWO_TAIL	0.3		0.3	1.0	100	0.0		0.0	0	0	0	100	1.0	1.0	0.0
tmt	S075	SYMMETRIC_TWO_TAIL	0.3		0.3	2.0	100	0.0		0.0	0	0	0	100	1.0	1.0	0.0
tmt	S076	SYMMETRIC_TWO_TAIL	0.3		0.3	3.0	100	0.0		0.0	0	0	0	100	1.0	1.0	0.0
tmt	S077	SYMMETRIC_TWO_TAIL	0.5		0.5	0.5	100	0.0		0.0	0	0	0	100	1.0	1.0	0.0
tmt	S078	SYMMETRIC_TWO_TAIL	0.5		0.5	1.0	100	0.0		0.0	0	0	0	100	1.0	1.0	0.0
tmt	S079	SYMMETRIC_TWO_TAIL	0.5		0.5	2.0	100	0.0		0.0	0	0	0	100	1.0	1.0	0.0
tmt	S080	SYMMETRIC_TWO_TAIL	0.5		0.5	3.0	100	0.0		0.0	0	0	0	100	1.0	1.0	0.0
tmt	S081	SYMMETRIC_TWO_TAIL	0.75		0.75	0.5	100	0.0		0.0	0	0	0	100	1.0	1.0	0.0
tmt	S082	SYMMETRIC_TWO_TAIL	0.75		0.75	1.0	100	0.0		0.0	0	0	0	100	1.0	1.0	0.0
tmt	S083	SYMMETRIC_TWO_TAIL	0.75		0.75	2.0	100	0.0		0.0	0	0	0	100	1.0	1.0	0.0
tmt	S084	SYMMETRIC_TWO_TAIL	0.75		0.75	3.0	100	0.0		0.0	0	0	0	100	1.0	1.0	0.0
tmt	S085	SYMMETRIC_TWO_TAIL	1.0		1.0	0.5	100	0.0		0.0	0	0	0	100	1.0	1.0	0.0
tmt	S086	SYMMETRIC_TWO_TAIL	1.0		1.0	1.0	100	0.0		0.0	0	0	0	100	1.0	1.0	0.0
tmt	S087	SYMMETRIC_TWO_TAIL	1.0		1.0	2.0	100	0.0		0.0	0	0	0	100	1.0	1.0	0.0
tmt	S088	SYMMETRIC_TWO_TAIL	1.0		1.0	3.0	100	0.0		0.0	0	0	0	100	1.0	1.0	0.0
tmt	S089	ISOLATED_OUTLIERS		1.0	0.0091743119266055	2.0	100	0.0		0.0	0	0	0	100	1.0	1.0	0.0
tmt	S090	ISOLATED_OUTLIERS		1.0	0.0091743119266055	3.0	100	0.0		0.0	0	0	0	100	1.0	1.0	0.0
tmt	S091	ISOLATED_OUTLIERS		1.0	0.0091743119266055	4.0	100	0.0		0.0	0	0	0	100	1.0	1.0	0.0
tmt	S092	ISOLATED_OUTLIERS		3.0	0.0275229357798165	2.0	100	0.0		0.0	0	0	0	100	1.0	1.0	0.0
tmt	S093	ISOLATED_OUTLIERS		3.0	0.0275229357798165	3.0	100	0.0		0.0	0	0	0	100	1.0	1.0	0.0
tmt	S094	ISOLATED_OUTLIERS		3.0	0.0275229357798165	4.0	100	0.0		0.0	0	0	0	100	1.0	1.0	0.0
tmt	S095	ISOLATED_OUTLIERS		7.0	0.0642201834862385	2.0	100	0.0		-0.01	0	1	0	99	1.0	1.0	0.01
tmt	S096	ISOLATED_OUTLIERS		7.0	0.0642201834862385	3.0	100	0.01		-0.0199999999999999	0	2	1	97	0.5	1.0	0.03
tmt	S097	ISOLATED_OUTLIERS		7.0	0.0642201834862385	4.0	100	0.0		-0.02	0	2	0	98	0.5	1.0	0.02
tmt	S098	VARIANCE_ONLY	1.0		1.0	0.5	100	0.0		0.0	0	0	0	100	1.0	1.0	0.0
tmt	S099	VARIANCE_ONLY	1.0		1.0	1.0	100	0.01		0.01	1	0	0	99	1.0	1.0	0.0
tmt	S100	VARIANCE_ONLY	1.0		1.0	2.0	100	0.0		0.0	0	0	0	100	1.0	1.0	0.0
tmt	S101	VARIANCE_ONLY	1.0		1.0	3.0	100	0.0		0.0	0	0	0	100	1.0	1.0	0.0
