modality	replicate_id	method	discoveries	true_discoveries	false_discoveries	realized_FDR
monocyte	1	AREA	88	85	3	0.034090909090909
monocyte	1	DESeq2	115	108	7	0.0608695652173913
monocyte	2	AREA	94	91	3	0.0319148936170212
monocyte	2	DESeq2	139	126	13	0.0935251798561151
monocyte	3	AREA	76	75	1	0.0131578947368421
monocyte	3	DESeq2	114	110	4	0.0350877192982456
monocyte	4	AREA	82	79	3	0.0365853658536585
monocyte	4	DESeq2	126	118	8	0.0634920634920634
monocyte	5	AREA	90	87	3	0.0333333333333333
monocyte	5	DESeq2	122	114	8	0.0655737704918032
monocyte	6	AREA	87	85	2	0.0229885057471264
monocyte	6	DESeq2	112	103	9	0.0803571428571428
monocyte	7	AREA	88	82	6	0.0681818181818181
monocyte	7	DESeq2	127	118	9	0.0708661417322834
monocyte	8	AREA	90	86	4	0.0444444444444444
monocyte	8	DESeq2	129	119	10	0.0775193798449612
monocyte	9	AREA	90	88	2	0.0222222222222222
monocyte	9	DESeq2	115	109	6	0.0521739130434782
monocyte	10	AREA	86	82	4	0.0465116279069767
monocyte	10	DESeq2	126	115	11	0.0873015873015873
monocyte	11	AREA	85	82	3	0.0352941176470588
monocyte	11	DESeq2	124	108	16	0.1290322580645161
monocyte	12	AREA	78	76	2	0.0256410256410256
monocyte	12	DESeq2	124	115	9	0.0725806451612903
monocyte	13	AREA	75	70	5	0.0666666666666666
monocyte	13	DESeq2	104	96	8	0.0769230769230769
monocyte	14	AREA	83	79	4	0.0481927710843373
monocyte	14	DESeq2	115	106	9	0.0782608695652174
monocyte	15	AREA	78	76	2	0.0256410256410256
monocyte	15	DESeq2	115	104	11	0.0956521739130434
monocyte	16	AREA	90	86	4	0.0444444444444444
monocyte	16	DESeq2	140	120	20	0.1428571428571428
monocyte	17	AREA	87	81	6	0.0689655172413793
monocyte	17	DESeq2	119	110	9	0.0756302521008403
monocyte	18	AREA	92	88	4	0.0434782608695652
monocyte	18	DESeq2	126	110	16	0.1269841269841269
monocyte	19	AREA	89	84	5	0.0561797752808988
monocyte	19	DESeq2	128	120	8	0.0625
monocyte	20	AREA	93	87	6	0.064516129032258
monocyte	20	DESeq2	115	108	7	0.0608695652173913
monocyte	21	AREA	87	85	2	0.0229885057471264
monocyte	21	DESeq2	122	116	6	0.0491803278688524
monocyte	22	AREA	87	84	3	0.0344827586206896
monocyte	22	DESeq2	115	103	12	0.1043478260869565
monocyte	23	AREA	92	89	3	0.0326086956521739
monocyte	23	DESeq2	124	115	9	0.0725806451612903
monocyte	24	AREA	95	91	4	0.0421052631578947
monocyte	24	DESeq2	135	123	12	0.0888888888888888
monocyte	25	AREA	82	76	6	0.073170731707317
monocyte	25	DESeq2	123	113	10	0.08130081300813
dlpfc	1	AREA	107	105	2	0.0186915887850467
dlpfc	1	DESeq2	121	115	6	0.0495867768595041
dlpfc	2	AREA	110	105	5	0.0454545454545454
dlpfc	2	DESeq2	135	128	7	0.0518518518518518
dlpfc	3	AREA	116	110	6	0.0517241379310344
dlpfc	3	DESeq2	136	131	5	0.0367647058823529
dlpfc	4	AREA	116	109	7	0.0603448275862069
dlpfc	4	DESeq2	135	125	10	0.074074074074074
dlpfc	5	AREA	111	107	4	0.036036036036036
dlpfc	5	DESeq2	137	130	7	0.0510948905109489
dlpfc	6	AREA	113	109	4	0.0353982300884955
dlpfc	6	DESeq2	133	128	5	0.037593984962406
dlpfc	7	AREA	109	105	4	0.036697247706422
dlpfc	7	DESeq2	125	119	6	0.048
dlpfc	8	AREA	113	112	1	0.0088495575221238
dlpfc	8	DESeq2	128	124	4	0.03125
dlpfc	9	AREA	116	109	7	0.0603448275862069
dlpfc	9	DESeq2	126	118	8	0.0634920634920634
dlpfc	10	AREA	110	106	4	0.0363636363636363
dlpfc	10	DESeq2	132	124	8	0.0606060606060606
dlpfc	11	AREA	115	106	9	0.0782608695652174
dlpfc	11	DESeq2	129	121	8	0.0620155038759689
dlpfc	12	AREA	114	109	5	0.043859649122807
dlpfc	12	DESeq2	134	127	7	0.0522388059701492
dlpfc	13	AREA	116	112	4	0.0344827586206896
dlpfc	13	DESeq2	135	129	6	0.0444444444444444
dlpfc	14	AREA	114	110	4	0.0350877192982456
dlpfc	14	DESeq2	132	126	6	0.0454545454545454
dlpfc	15	AREA	113	111	2	0.0176991150442477
dlpfc	15	DESeq2	135	130	5	0.037037037037037
dlpfc	16	AREA	106	103	3	0.0283018867924528
dlpfc	16	DESeq2	137	127	10	0.072992700729927
dlpfc	17	AREA	112	106	6	0.0535714285714285
dlpfc	17	DESeq2	135	127	8	0.0592592592592592
dlpfc	18	AREA	114	112	2	0.0175438596491228
dlpfc	18	DESeq2	129	124	5	0.0387596899224806
dlpfc	19	AREA	117	108	9	0.0769230769230769
dlpfc	19	DESeq2	142	133	9	0.0633802816901408
dlpfc	20	AREA	107	102	5	0.0467289719626168
dlpfc	20	DESeq2	122	118	4	0.0327868852459016
dlpfc	21	AREA	112	108	4	0.0357142857142857
dlpfc	21	DESeq2	134	124	10	0.0746268656716417
dlpfc	22	AREA	121	111	10	0.0826446280991735
dlpfc	22	DESeq2	131	123	8	0.0610687022900763
dlpfc	23	AREA	111	109	2	0.018018018018018
dlpfc	23	DESeq2	131	125	6	0.0458015267175572
dlpfc	24	AREA	109	106	3	0.0275229357798165
dlpfc	24	DESeq2	127	121	6	0.0472440944881889
dlpfc	25	AREA	115	109	6	0.0521739130434782
dlpfc	25	DESeq2	124	118	6	0.0483870967741935
tmt	1	AREA	95	93	2	0.0210526315789473
tmt	1	limma	105	101	4	0.0380952380952381
tmt	2	AREA	101	96	5	0.0495049504950495
tmt	2	limma	108	105	3	0.0277777777777777
tmt	3	AREA	99	91	8	0.0808080808080808
tmt	3	limma	105	100	5	0.0476190476190476
tmt	4	AREA	101	93	8	0.0792079207920792
tmt	4	limma	116	109	7	0.0603448275862069
tmt	5	AREA	93	91	2	0.021505376344086
tmt	5	limma	114	108	6	0.0526315789473684
tmt	6	AREA	92	90	2	0.0217391304347826
tmt	6	limma	101	98	3	0.0297029702970297
tmt	7	AREA	103	95	8	0.0776699029126213
tmt	7	limma	123	117	6	0.048780487804878
tmt	8	AREA	96	92	4	0.0416666666666666
tmt	8	limma	112	106	6	0.0535714285714285
tmt	9	AREA	93	89	4	0.043010752688172
tmt	9	limma	113	107	6	0.0530973451327433
tmt	10	AREA	87	86	1	0.0114942528735632
tmt	10	limma	97	96	1	0.0103092783505154
tmt	11	AREA	108	104	4	0.037037037037037
tmt	11	limma	113	109	4	0.0353982300884955
tmt	12	AREA	102	97	5	0.0490196078431372
tmt	12	limma	118	112	6	0.0508474576271186
tmt	13	AREA	95	93	2	0.0210526315789473
tmt	13	limma	101	99	2	0.0198019801980198
tmt	14	AREA	95	91	4	0.0421052631578947
tmt	14	limma	107	104	3	0.02803738317757
tmt	15	AREA	97	93	4	0.0412371134020618
tmt	15	limma	103	101	2	0.0194174757281553
tmt	16	AREA	94	90	4	0.0425531914893617
tmt	16	limma	106	103	3	0.0283018867924528
tmt	17	AREA	96	92	4	0.0416666666666666
tmt	17	limma	107	103	4	0.0373831775700934
tmt	18	AREA	87	85	2	0.0229885057471264
tmt	18	limma	102	98	4	0.0392156862745098
tmt	19	AREA	96	93	3	0.03125
tmt	19	limma	108	106	2	0.0185185185185185
tmt	20	AREA	98	96	2	0.0204081632653061
tmt	20	limma	109	105	4	0.036697247706422
tmt	21	AREA	98	93	5	0.0510204081632653
tmt	21	limma	108	102	6	0.0555555555555555
tmt	22	AREA	106	98	8	0.0754716981132075
tmt	22	limma	115	109	6	0.0521739130434782
tmt	23	AREA	98	95	3	0.0306122448979591
tmt	23	limma	114	107	7	0.0614035087719298
tmt	24	AREA	97	92	5	0.0515463917525773
tmt	24	limma	113	107	6	0.0530973451327433
tmt	25	AREA	95	89	6	0.0631578947368421
tmt	25	limma	107	100	7	0.0654205607476635
