scenario_number	scenario_id	geometry	penetrance	outlier_count	actual_carrier_fraction	effect_sd
1	S001	BROAD_MEAN_SHIFT	1.0		1.0	0.5
2	S002	BROAD_MEAN_SHIFT	1.0		1.0	1.0
3	S003	BROAD_MEAN_SHIFT	1.0		1.0	2.0
4	S004	BROAD_MEAN_SHIFT	1.0		1.0	3.0
5	S005	RANDOM_SUBSET_SHIFT	0.05		0.05	0.5
6	S006	RANDOM_SUBSET_SHIFT	0.05		0.05	1.0
7	S007	RANDOM_SUBSET_SHIFT	0.05		0.05	2.0
8	S008	RANDOM_SUBSET_SHIFT	0.05		0.05	3.0
9	S009	RANDOM_SUBSET_SHIFT	0.1		0.1	0.5
10	S010	RANDOM_SUBSET_SHIFT	0.1		0.1	1.0
11	S011	RANDOM_SUBSET_SHIFT	0.1		0.1	2.0
12	S012	RANDOM_SUBSET_SHIFT	0.1		0.1	3.0
13	S013	RANDOM_SUBSET_SHIFT	0.2		0.2	0.5
14	S014	RANDOM_SUBSET_SHIFT	0.2		0.2	1.0
15	S015	RANDOM_SUBSET_SHIFT	0.2		0.2	2.0
16	S016	RANDOM_SUBSET_SHIFT	0.2		0.2	3.0
17	S017	RANDOM_SUBSET_SHIFT	0.3		0.3	0.5
18	S018	RANDOM_SUBSET_SHIFT	0.3		0.3	1.0
19	S019	RANDOM_SUBSET_SHIFT	0.3		0.3	2.0
20	S020	RANDOM_SUBSET_SHIFT	0.3		0.3	3.0
21	S021	RANDOM_SUBSET_SHIFT	0.5		0.5	0.5
22	S022	RANDOM_SUBSET_SHIFT	0.5		0.5	1.0
23	S023	RANDOM_SUBSET_SHIFT	0.5		0.5	2.0
24	S024	RANDOM_SUBSET_SHIFT	0.5		0.5	3.0
25	S025	RANDOM_SUBSET_SHIFT	0.75		0.75	0.5
26	S026	RANDOM_SUBSET_SHIFT	0.75		0.75	1.0
27	S027	RANDOM_SUBSET_SHIFT	0.75		0.75	2.0
28	S028	RANDOM_SUBSET_SHIFT	0.75		0.75	3.0
29	S029	RANDOM_SUBSET_SHIFT	1.0		1.0	0.5
30	S030	RANDOM_SUBSET_SHIFT	1.0		1.0	1.0
31	S031	RANDOM_SUBSET_SHIFT	1.0		1.0	2.0
32	S032	RANDOM_SUBSET_SHIFT	1.0		1.0	3.0
33	S033	ONE_TAIL_AMPLIFICATION	0.05		0.05	0.5
34	S034	ONE_TAIL_AMPLIFICATION	0.05		0.05	1.0
35	S035	ONE_TAIL_AMPLIFICATION	0.05		0.05	2.0
36	S036	ONE_TAIL_AMPLIFICATION	0.05		0.05	3.0
37	S037	ONE_TAIL_AMPLIFICATION	0.1		0.1	0.5
38	S038	ONE_TAIL_AMPLIFICATION	0.1		0.1	1.0
39	S039	ONE_TAIL_AMPLIFICATION	0.1		0.1	2.0
40	S040	ONE_TAIL_AMPLIFICATION	0.1		0.1	3.0
41	S041	ONE_TAIL_AMPLIFICATION	0.2		0.2	0.5
42	S042	ONE_TAIL_AMPLIFICATION	0.2		0.2	1.0
43	S043	ONE_TAIL_AMPLIFICATION	0.2		0.2	2.0
44	S044	ONE_TAIL_AMPLIFICATION	0.2		0.2	3.0
45	S045	ONE_TAIL_AMPLIFICATION	0.3		0.3	0.5
46	S046	ONE_TAIL_AMPLIFICATION	0.3		0.3	1.0
47	S047	ONE_TAIL_AMPLIFICATION	0.3		0.3	2.0
48	S048	ONE_TAIL_AMPLIFICATION	0.3		0.3	3.0
49	S049	ONE_TAIL_AMPLIFICATION	0.5		0.5	0.5
50	S050	ONE_TAIL_AMPLIFICATION	0.5		0.5	1.0
51	S051	ONE_TAIL_AMPLIFICATION	0.5		0.5	2.0
52	S052	ONE_TAIL_AMPLIFICATION	0.5		0.5	3.0
53	S053	ONE_TAIL_AMPLIFICATION	0.75		0.75	0.5
54	S054	ONE_TAIL_AMPLIFICATION	0.75		0.75	1.0
55	S055	ONE_TAIL_AMPLIFICATION	0.75		0.75	2.0
56	S056	ONE_TAIL_AMPLIFICATION	0.75		0.75	3.0
57	S057	ONE_TAIL_AMPLIFICATION	1.0		1.0	0.5
58	S058	ONE_TAIL_AMPLIFICATION	1.0		1.0	1.0
59	S059	ONE_TAIL_AMPLIFICATION	1.0		1.0	2.0
60	S060	ONE_TAIL_AMPLIFICATION	1.0		1.0	3.0
61	S061	SYMMETRIC_TWO_TAIL	0.05		0.05	0.5
62	S062	SYMMETRIC_TWO_TAIL	0.05		0.05	1.0
63	S063	SYMMETRIC_TWO_TAIL	0.05		0.05	2.0
64	S064	SYMMETRIC_TWO_TAIL	0.05		0.05	3.0
65	S065	SYMMETRIC_TWO_TAIL	0.1		0.1	0.5
66	S066	SYMMETRIC_TWO_TAIL	0.1		0.1	1.0
67	S067	SYMMETRIC_TWO_TAIL	0.1		0.1	2.0
68	S068	SYMMETRIC_TWO_TAIL	0.1		0.1	3.0
69	S069	SYMMETRIC_TWO_TAIL	0.2		0.2	0.5
70	S070	SYMMETRIC_TWO_TAIL	0.2		0.2	1.0
71	S071	SYMMETRIC_TWO_TAIL	0.2		0.2	2.0
72	S072	SYMMETRIC_TWO_TAIL	0.2		0.2	3.0
73	S073	SYMMETRIC_TWO_TAIL	0.3		0.3	0.5
74	S074	SYMMETRIC_TWO_TAIL	0.3		0.3	1.0
75	S075	SYMMETRIC_TWO_TAIL	0.3		0.3	2.0
76	S076	SYMMETRIC_TWO_TAIL	0.3		0.3	3.0
77	S077	SYMMETRIC_TWO_TAIL	0.5		0.5	0.5
78	S078	SYMMETRIC_TWO_TAIL	0.5		0.5	1.0
79	S079	SYMMETRIC_TWO_TAIL	0.5		0.5	2.0
80	S080	SYMMETRIC_TWO_TAIL	0.5		0.5	3.0
81	S081	SYMMETRIC_TWO_TAIL	0.75		0.75	0.5
82	S082	SYMMETRIC_TWO_TAIL	0.75		0.75	1.0
83	S083	SYMMETRIC_TWO_TAIL	0.75		0.75	2.0
84	S084	SYMMETRIC_TWO_TAIL	0.75		0.75	3.0
85	S085	SYMMETRIC_TWO_TAIL	1.0		1.0	0.5
86	S086	SYMMETRIC_TWO_TAIL	1.0		1.0	1.0
87	S087	SYMMETRIC_TWO_TAIL	1.0		1.0	2.0
88	S088	SYMMETRIC_TWO_TAIL	1.0		1.0	3.0
89	S089	ISOLATED_OUTLIERS		1.0	0.009174311926605505	2.0
90	S090	ISOLATED_OUTLIERS		1.0	0.009174311926605505	3.0
91	S091	ISOLATED_OUTLIERS		1.0	0.009174311926605505	4.0
92	S092	ISOLATED_OUTLIERS		3.0	0.027522935779816515	2.0
93	S093	ISOLATED_OUTLIERS		3.0	0.027522935779816515	3.0
94	S094	ISOLATED_OUTLIERS		3.0	0.027522935779816515	4.0
95	S095	ISOLATED_OUTLIERS		7.0	0.06422018348623854	2.0
96	S096	ISOLATED_OUTLIERS		7.0	0.06422018348623854	3.0
97	S097	ISOLATED_OUTLIERS		7.0	0.06422018348623854	4.0
98	S098	VARIANCE_ONLY	1.0		1.0	0.5
99	S099	VARIANCE_ONLY	1.0		1.0	1.0
100	S100	VARIANCE_ONLY	1.0		1.0	2.0
101	S101	VARIANCE_ONLY	1.0		1.0	3.0
